iterations,time,accuracy
1.0,0.0,0.007777777777777778
22.0,33.81342363357544,0.011111111111111112
43.0,67.56519103050232,0.012500000000000002
64.0,99.7684531211853,0.015277777777777777
85.0,132.02657961845398,0.021111111111111112
106.0,164.84980297088623,0.01986111111111111
127.0,197.3407666683197,0.02472222222222222
148.0,228.23830771446228,0.028749999999999998
169.0,260.31511211395264,0.032916666666666664
190.0,292.48863649368286,0.03319444444444445
