iterations,time,accuracy
1.0,0.0,0.014973958333333334
22.0,24.415607690811157,0.014973958333333334
43.0,47.83844041824341,0.01953125
64.0,72.84836769104004,0.013020833333333334
