iterations,time,accuracy
1.0,0.0,0.009765625
22.0,24.69950032234192,0.014322916666666666
43.0,50.52097249031067,0.025390625
64.0,75.88776516914368,0.015625
